{"Metadata": {"tool_name": "Sex.DetERRmine", "version": 1.1}, "s02-hg19.sorted.bam": {"RateErrX": 0.00028980355993908337, "YSnps": 59373566, "Snps Autosomal": 2881049855, "NrY": 23122, "NrX": 12784634, "RateY": 0.0047728869915142965, "RateErrY": 3.138989124279425e-05, "XSnps": 155270560, "NR Aut": 235072532, "RateX": 1.0091322102788596}, "Lib3_6-hg19.sorted.bam": {"RateErrX": 0.0006047643699102573, "YSnps": 59373566, "Snps Autosomal": 2881049855, "NrY": 5009, "NrX": 2677060, "RateY": 0.004720605207369699, "RateErrY": 6.670268086958893e-05, "XSnps": 155270560, "NR Aut": 51488589, "RateX": 0.9647366303749177}, "Lib3_9-hg19.sorted.bam": {"RateErrX": 0.0006041872892526845, "YSnps": 59373566, "Snps Autosomal": 2881049855, "NrY": 3592, "NrX": 3044411, "RateY": 0.0031663801205569237, "RateErrY": 5.283346029338344e-05, "XSnps": 155270560, "NR Aut": 55046653, "RateX": 1.0262047462948807}, "Lib4_1-hg19.sorted.bam": {"RateErrX": 0.00039297048837615, "YSnps": 59373566, "Snps Autosomal": 2881049855, "NrY": 15857, "NrX": 5804307, "RateY": 0.006601592136353508, "RateErrY": 5.242853424667448e-05, "XSnps": 155270560, "NR Aut": 116554750, "RateX": 0.9240214480535286}, "Lib4_2-hg19.sorted.bam": {"RateErrX": 0.0009079717113144587, "YSnps": 59373566, "Snps Autosomal": 2881049855, "NrY": 24038, "NrX": 227410, "RateY": 0.11833385455985444, "RateErrY": 0.0007641678280215641, "XSnps": 155270560, "NR Aut": 9857050, "RateX": 0.42807932474515664}, "Lib4_3-hg19.sorted.bam": {"RateErrX": 0.004518704331484009, "YSnps": 59373566, "Snps Autosomal": 2881049855, "NrY": 281, "NrX": 12090, "RateY": 0.02980837948840318, "RateErrY": 0.0017787649337871524, "XSnps": 155270560, "NR Aut": 457431, "RateX": 0.49041343783097024}, "Lib4_4-hg19.sorted.bam": {"RateErrX": 0.0038325020511000155, "YSnps": 59373566, "Snps Autosomal": 2881049855, "NrY": 0, "NrX": 14846, "RateY": 0.0, "RateErrY": 0.0, "XSnps": 155270560, "NR Aut": 597195, "RateX": 0.46126972124842003}, "Lib4_5-hg19.sorted.bam": {"RateErrX": 0.0074271773601283335, "YSnps": 59373566, "Snps Autosomal": 2881049855, "NrY": 0, "NrX": 13335, "RateY": 0.0, "RateErrY": 0.0, "XSnps": 155270560, "NR Aut": 294942, "RateX": 0.8389151808773324}, "Lib4_6-hg19.sorted.bam": {"RateErrX": 0.00033561134779994947, "YSnps": 59373566, "Snps Autosomal": 2881049855, "NrY": 13101, "NrX": 7535157, "RateY": 0.004090807734095016, "RateErrY": 3.5741695519632836e-05, "XSnps": 155270560, "NR Aut": 155400717, "RateX": 0.8997066729007599}, "Lib4_7-hg19.sorted.bam": {"RateErrX": 0.0007419581735239818, "YSnps": 59373566, "Snps Autosomal": 2881049855, "NrY": 33327, "NrX": 1127731, "RateY": 0.059664620636438466, "RateErrY": 0.00032702850594574546, "XSnps": 155270560, "NR Aut": 27104224, "RateX": 0.7720229222560299}, "Lib4_8-hg19.sorted.bam": {"RateErrX": 0.0006627845517524929, "YSnps": 59373566, "Snps Autosomal": 2881049855, "NrY": 32587, "NrX": 1453780, "RateY": 0.04588707786944197, "RateErrY": 0.00025431586952568867, "XSnps": 155270560, "NR Aut": 34459710, "RateX": 0.7827962307927769}}